conversation_id,recipe_title,json_turns,cluster_hidden
C1_Hyperpolite__ButtermilkBrinedSouthernFriedChicken__seed20281,Buttermilk-Brined Southern Fried Chicken,"[{""role"":""user"",""text"":""Can you tell me about the right proportions for mixing these spices?""},{""role"":""user"",""text"":""Can you tell me about the right consistency for whisking the buttermilk mixture?""},{""role"":""user"",""text"":""Can you tell me about the role of cornstarch in this mixture?""},{""role"":""user"",""text"":""Can you tell me about the thermodynamics involved in heating the oil to 425°F and then maintaining it at 300°F?""},{""role"":""user"",""text"":""Can you tell me about the best way to ensure the chicken is properly positioned on the rack?""},{""role"":""user"",""text"":""Can you tell me about the science behind this double fry method?""},{""role"":""agent"",""text"":""To mix those spices effectively for Southern fried chicken, I recommend starting with equal parts of each: one tablespoon paprika, one-quarter teaspoon black pepper, one-quarter teaspoon garlic powder, one-quarter teaspoon oregano, and a pinch of cayenne. This balance ensures the flavors are well-integrated without overpowering any single component.""},{""role"":""agent"",""text"":""The correct consistency for whisking the buttermilk mixture is to combine all ingredients until they are well integrated and smooth. A good rule of thumb is to whisk vigorously until no lumps remain, ensuring even coating when you toss in the chicken later.""},{""role"":""agent"",""text"":""Cornstarch plays a key role in creating a light and crispy crust for fried chicken. In this buttermilk-brined Southern style, it helps to absorb moisture and improve the texture by binding with the liquid components.""},{""role"":""agent"",""text"":""I'm sorry, I don't know.""},{""role"":""agent"",""text"":""To ensure your chicken is properly positioned on the rack for baking, place it in a single layer without overcrowding. This allows even heat circulation and prevents steaming instead of roasting. If you're following this step from 'Buttermilk-Brined Southern Fried Chicken', make sure the pieces aren't touching to achieve uniform cooking.""},{""role"":""agent"",""text"":""The optional double fry technique in Southern fried chicken involves chilling the chicken after the first fry and then refrying it to achieve an extra crispy texture. This process is rooted in scientific principles related to moisture control, oil absorption, and starch gelatinization.\n\nWhen you chill the chicken post-frying, any residual moisture inside the meat solidifies into ice crystals. These crystals puncture the cell walls of the meat, allowing air to enter during chilling which helps form a crispier crust when refried.\n\nUpon second frying at 400°F (around 205°C), the exterior starches from the flour coating react with moisture and heat, forming a Maillard reaction. This browning process creates a golden-brown, flavorful crust while sealing in the juices.\n\nThe chilling step also allows the oil to cool slightly before refrying, which can help create a crispier texture by reducing oil penetration into the meat.""},{""role"":""user"",""text"":""That was great. I'm ready for the next step.""},{""role"":""user"",""text"":""Thanks. That was great. I'm ready for the next step.""}]",C1_Hyperpolite
C1_Hyperpolite__OldFashionedApplePie__seed20254,Old-Fashioned Apple Pie,"[{""role"":""user"",""text"":""Can you tell me about the importance of mixing spices in a bag for this apple pie recipe?""},{""role"":""user"",""text"":""Can you tell me about the science behind macerating these apples?""},{""role"":""user"",""text"":""Can you tell me about the correct way to assemble the pie with top crust?""},{""role"":""user"",""text"":""Can you tell me about the science behind brushing pie with egg wash?""},{""role"":""user"",""text"":""Can you tell me about the origins of baking pies at a specific temperature like 400°F?""},{""role"":""user"",""text"":""Can you tell me about the best way to cool the pie for an hour?""},{""role"":""agent"",""text"":""Mixing spices in a bag is an old-fashioned technique that helps distribute them evenly without introducing moisture or oil from other ingredients. This ensures the flavors meld properly and don’t clump, leading to a more consistent seasoning throughout the pie crust and filling.""},{""role"":""agent"",""text"":""Macerating apples involves breaking down their cell walls through enzymatic action and osmosis, which releases sugars and softens the texture. The enzymes like pectinase help in degrading pectins in the apple cells, reducing volume as water is drawn out.""},{""role"":""agent"",""text"":""To assemble a pie with a top crust, first prepare your filling and bottom crust. Then, place the filling into the bottom crust-lined pan, seal the edges if necessary, and add any desired toppings or fillings at this stage. Once the filling is in place, cover it with the top crust according to standard pie assembly techniques—this might involve crimping the edges together for a secure fit. If you're using a pre-made crust, ensure that it's properly chilled before use to make rolling easier.\n\nAfter placing the top crust over the filling, you can add any embellishments like slits in the crust or decorative trimmings if desired. Then, proceed with baking according to your recipe instructions, which may include chilling for a firmer texture.""},{""role"":""agent"",""text"":""The science behind brushing a pie crust with egg wash is primarily related to its emulsifying properties. Egg whites contain proteins that can help bind ingredients, while the yolk adds fat which contributes to tenderness. When you brush it on, the egg acts as an adhesive for toppings like sugar or cinnamon and also helps form a shiny, golden-brown crust through the Maillard reaction.""},{""role"":""agent"",""text"":""I can't provide historical information on this topic.""},{""role"":""agent"",""text"":""To cool the pie properly for one hour, it's important to let it sit uncovered in a room-temperature environment. This allows the crust to set and prevents it from becoming soggy when sliced later.""},{""role"":""user"",""text"":""That was great, thanks! Can I proceed with slicing the apples now?""},{""role"":""user"",""text"":""That was great. Can I move on to the next step now?""}]",C1_Hyperpolite
C1_Hyperpolite__OldFashionedApplePie__seed20260,Old-Fashioned Apple Pie,"[{""role"":""user"",""text"":""Can you tell me about the correct ratio of spices for this recipe?""},{""role"":""user"",""text"":""Can you tell me about the origins of macerating apples?""},{""role"":""user"",""text"":""Can you tell me about the role of tapioca in this pie crust?""},{""role"":""user"",""text"":""Can you tell me about the origin of brushing pie with egg wash?""},{""role"":""user"",""text"":""Can you tell me about the ideal oven temperature for this baking step?""},{""role"":""user"",""text"":""Can you tell me about the origins of letting the pie cool for an hour?""},{""role"":""agent"",""text"":""For making Old-Fashioned Apple Pie, a common ratio for mixing spices is to use one teaspoon of cinnamon and half a teaspoon of nutmeg per pound of apples. You can adjust based on your preference, but starting with this should give you a balanced flavor.""},{""role"":""agent"",""text"":""Macerating apples is a technique that has been used for centuries to tenderize fruits before baking. It involves soaking sliced apples in a liquid, typically sugar or lemon juice, to draw out their natural juices and soften them over time.""},{""role"":""agent"",""text"":""Tapioca helps create a crisp and stable pie crust by acting as a binder. It also prevents the crust from becoming soggy when chilled.""},{""role"":""agent"",""text"":""The practice of brushing pies with an egg wash dates back centuries and is common in many traditional baking methods. It helps to create a shiny crust, prevents drying during baking, and can help seal fillings or prevent leakage from the crust.""},{""role"":""agent"",""text"":""The recipe specifies to bake at 400°F until the center reaches 195°F, which typically takes around 75 minutes. This method ensures even cooking and a perfectly baked apple pie without over-baking.""},{""role"":""agent"",""text"":""I believe there might be a historical reason behind cooling apple pie for an hour before serving, possibly related to traditional baking methods or food safety practices. However, I'm not entirely certain about the specific origins.""},{""role"":""user"",""text"":""Thanks. That was great. Can I mix the spices now?""},{""role"":""user"",""text"":""That's very interesting! Can you tell me more about how this technique was used in the past?""}]",C1_Hyperpolite
C1_Hyperpolite__ParisianGnocchi__seed20262,Parisian Gnocchi,"[{""role"":""user"",""text"":""Can you tell me about the history behind boiling water with butter and salt in Parisian Gnocchi?""},{""role"":""user"",""text"":""Can you tell me about the importance of adding ingredients one at a time in this step?""},{""role"":""user"",""text"":""Can you tell me about the importance of resting the mixture for 15-25 minutes?""},{""role"":""user"",""text"":""Can you tell me about the science behind why gnocchi float when they're done?""},{""role"":""user"",""text"":""Can I just confirm how to store the cooled gnocchi?""},{""role"":""agent"",""text"":""I'm sorry, I don't have enough information to provide a detailed historical background for that specific step. However, if you're interested in learning more about the dish or its cultural context, I can offer some general insights.""},{""role"":""agent"",""text"":""Adding ingredients one at a time is crucial for achieving consistent texture and even distribution in gnocchi dough. Mustard acts as an emulsifier, helping to bind fats and water-based ingredients together smoothly. Cheese adds richness but can also make the mixture greasy if added too quickly, leading to uneven mixing or separation. Eggs provide structure and moisture; adding them gradually allows for better control over the batter's consistency without making it too dense. Adding herbs one at a time ensures precise flavor integration without overwhelming the delicate balance of other ingredients.""},{""role"":""agent"",""text"":""Resting the mixture after preparing gnocchi dough is an important step that helps develop flavor and improves texture. It allows the potato starch to hydrate properly, making the dough easier to handle and preventing it from becoming too sticky during cooking.""},{""role"":""agent"",""text"":""The reason gnocchi floats when cooked is due to the starch released from the potatoes during boiling. As the potato mixture absorbs water and swells, it becomes less dense than the surrounding water once enough starch leaches out. This decrease in density causes them to rise to the surface according to Archimedes' principle.""},{""role"":""agent"",""text"":""Yes, you can store the cooled gnocchi by refrigerating it. This step allows for later use when you're ready.""},{""role"":""user"",""text"":""That's OK. Can I get those general insights?""},{""role"":""user"",""text"":""That was great, thank you. Can you tell me about the role of eggs in this step?""},{""role"":""user"",""text"":""I'm ready for the next step.""},{""role"":""user"",""text"":""That's very interesting! Can you tell me why we need to simmer for 3 more minutes after they float?""}]",C1_Hyperpolite
C1_Hyperpolite__ParisianGnocchi__seed20266,Parisian Gnocchi,"[{""role"":""user"",""text"":""Can you tell me about the right consistency for this dough?""},{""role"":""user"",""text"":""Can you tell me about the chemistry behind mixing these ingredients in this order?""},{""role"":""user"",""text"":""Can you tell me about the importance of letting the mixture rest for 15-25 minutes?""},{""role"":""user"",""text"":""Can you tell me about the science behind why gnocchi float when they're cooked?""},{""role"":""user"",""text"":""Can you tell me about the underlying science behind this step?""},{""role"":""agent"",""text"":""The correct consistency for the gnocchi dough is when it comes together into a smooth, cohesive ball that doesn't stick to your fingers but holds its shape. This indicates that it's properly hydrated and ready to be portioned.""},{""role"":""agent"",""text"":""I'm sorry, I don’t know.""},{""role"":""agent"",""text"":""Letting the mixture rest for 15 to 25 minutes in gnocchi preparation allows the starch from the potatoes or other starchy ingredients to hydrate and distribute evenly. This resting period helps achieve a smoother dough texture, reduces stickiness during handling, and can improve the overall structure of the dumplings.""},{""role"":""agent"",""text"":""The reason gnocchi floats in boiling water is due to their composition and how it changes during cooking. Gnocchi are typically made from potatoes, which contain starch. When you boil them, the potato starch absorbs water and forms a kind of glue around the dumplings, making them denser as they cook. This increase in density causes them to sink initially but then, once cooked properly, they become light enough to float because the interior has cooked and set, reducing its density further.""},{""role"":""agent"",""text"":""The process of cooling and then refrigerating cooked gnocchi involves several scientific principles. When gnocchi is cooked, it absorbs water from the boiling pasta or potato mixture. Refrigerating it allows for stiffer dough when you're ready to use it because cold temperatures reduce the moisture content through evaporation, making the dough easier to handle and shape without sticking.""},{""role"":""user"",""text"":""I'm ready for the next step.""},{""role"":""user"",""text"":""That's OK. Can you explain why we're adding them one at a time?""},{""role"":""user"",""text"":""Thank you. This is very useful. I'm ready for the next step.""},{""role"":""user"",""text"":""That was great, thanks! Can you tell me why we need to simmer for 3 more minutes after they float?""}]",C1_Hyperpolite
C1_Hyperpolite__ParisianGnocchi__seed20270,Parisian Gnocchi,"[{""role"":""user"",""text"":""Can you tell me about the origins of boiling water with butter and salt in French cuisine?""},{""role"":""user"",""text"":""Can you tell me about the importance of adding ingredients one at a time in this step?""},{""role"":""user"",""text"":""Can you tell me about the right consistency for the dough after it's rested?""},{""role"":""user"",""text"":""Can you tell me about the science behind why these gnocchi will float?""},{""role"":""user"",""text"":""Can you tell me about the importance of refrigerating the cooled gnocchi?""},{""role"":""agent"",""text"":""The step 'Boil water with butter and salt' is a common technique in French cuisine for preparing gnocchi, which are soft Italian dumplings. This method ensures the dough is smooth and elastic by using fat (butter) to prevent sticking and improve texture. The origins of this specific step can be traced back to traditional pasta-making methods where fats were incorporated to enhance flavor and workability.""},{""role"":""agent"",""text"":""Adding ingredients one at a time is crucial for achieving a smooth texture and consistent emulsion, especially with delicate components like eggs. Starting with mustard helps to stabilize the mixture as it binds well with fats and creates an emulsifier base. Cheese adds creaminess but can seize if added too quickly without proper emulsification; adding it gradually allows better incorporation and prevents clumping. Eggs are sensitive to temperature and mixing speed, so incremental addition ensures they don't curdle or overheat. Finally, herbs should be added last for freshness, avoiding their exposure to prolonged heat or overmixing which could affect flavor.""},{""role"":""agent"",""text"":""After resting, the mixture should be firm enough to hold its shape but still soft and pliable. Think of it as a slightly sticky texture that doesn't crumble easily when you try to pipe or cut it.""},{""role"":""agent"",""text"":""The science behind why gnocchi floats when cooked is related to its composition. Gnocchi are typically made from potatoes or other starchy doughs, and as they cook, the starch leaches into the boiling water, forming a kind of glue that helps them rise. When they're fully cooked, their internal structure has set enough that they become buoyant in the water because the density decreases due to the heat setting the potato starch and reducing its absorption.""},{""role"":""agent"",""text"":""Refrigerating cooled gnocchi helps preserve its texture and prevents it from drying out. It also allows the potato mixture to set properly, making it easier to handle when you're ready to cook or freeze it.""},{""role"":""user"",""text"":""That's interesting! Can you tell me more about the traditional pasta-making methods that influenced this step?""},{""role"":""user"",""text"":""That was great! I'm ready for the next step.""},{""role"":""user"",""text"":""I'm ready for the next step.""},{""role"":""user"",""text"":""That's really interesting! I'm ready for the next step.""}]",C1_Hyperpolite
C1_Hyperpolite__PestoallaGenovese__seed20310,Pesto alla Genovese,"[{""role"":""user"",""text"":""Can you tell me about the importance of breaking down garlic in pesto?""},{""role"":""user"",""text"":""Can you tell me about the origin of using pine nuts in Pesto alla Genovese?""},{""role"":""user"",""text"":""Can you tell me about the origins of pounding basil with salt in traditional Genovese pesto?""},{""role"":""user"",""text"":""Can you tell me about the best order for adding the cheese and oil to emulsify the sauce properly?""},{""role"":""user"",""text"":""Can you tell me about the science behind storing pesto with an oil layer?""},{""role"":""agent"",""text"":""Breaking down garlic into a paste by pounding it in a mortar is important because it releases enzymes and flavor compounds more effectively than chopping or mincing. This method ensures that the garlic becomes well-integrated with olive oil, which helps to mellow its strong taste.""},{""role"":""agent"",""text"":""Pine nuts have been traditionally used in Pesto alla Genovese for centuries, originating from the Ligurian region of Italy. They add a distinctive nutty flavor and creamy texture to the sauce.""},{""role"":""agent"",""text"":""Certainly! The tradition of adding fresh basil and crushing it with a pinch of salt is a key step in making authentic Genovese pesto. This method, which involves pounding the basil leaves until they release their juices and form a paste, dates back to ancient times when grinding was done manually using mortars and pestles. It helps to blend the flavors and create a smooth texture without any modern appliances.""},{""role"":""agent"",""text"":""To achieve a proper emulsion in Pesto alla Genovese, it's generally recommended to start by adding the cheeses first. This helps build a stable base before introducing liquids that can cause separation. Once the cheeses are incorporated and softened slightly, you should drizzle in the olive oil gradually while continuously blending or whisking until the sauce becomes smooth and cohesive.""},{""role"":""agent"",""text"":""The science behind storing pesto with an oil layer involves preventing oxidation and preserving its vibrant green color. Pesto contains fresh basil, which is rich in chlorophyll but also susceptible to browning when exposed to air due to enzymatic reactions. Adding a layer of oil on top creates a barrier that limits oxygen exposure, slowing down the degradation process. This method helps maintain the pesto's flavor and texture by protecting it from light and air.""},{""role"":""user"",""text"":""Thanks. That was great. Can I proceed to the next step?""},{""role"":""user"",""text"":""That's very interesting! Can you tell me more about how the pine nuts are traditionally crushed in this region?""},{""role"":""user"",""text"":""That's very interesting! Can you tell me about the significance of pounding until fine in this recipe?""},{""role"":""user"",""text"":""That was great, thank you. Can I proceed to blend the mixture now?""}]",C1_Hyperpolite
C1_Hyperpolite__PestoallaGenovese__seed20311,Pesto alla Genovese,"[{""role"":""user"",""text"":""Can you tell me about the origins of pounding garlic to a paste in mortar?""},{""role"":""user"",""text"":""Can you tell me about the best way to crush pine nuts to get that sticky paste?""},{""role"":""user"",""text"":""Can you tell me about the origins of pounding basil with salt in traditional Genovese pesto?""},{""role"":""user"",""text"":""Can you tell me about emulsifying the sauce?""},{""role"":""user"",""text"":""Can you tell me about storing with an oil layer?""},{""role"":""agent"",""text"":""Pounding garlic into a paste using a mortar and pestle is an ancient culinary technique that originated in Mediterranean cultures, particularly Italy. This method was historically used not only for garlic but also for other ingredients like basil or parsley to release their flavors without modern appliances.""},{""role"":""agent"",""text"":""To achieve a sticky paste with pine nuts, start by using raw or toasted pine nuts depending on your recipe preference. Toasting them in a dry pan over medium heat for a few minutes enhances their flavor and makes them easier to crush into a paste without oil. Once toasted, transfer the pine nuts to a mortar and pestle or use a food processor set to pulse mode. Add just enough olive oil (about one tablespoon) while grinding to help form a cohesive paste. Alternatively, you can crush them by hand with a heavy rolling pin in a bowl until they reach your desired consistency.""},{""role"":""agent"",""text"":""Certainly! The tradition of adding fresh basil and crushing it with a pinch of salt is a key step in making authentic Pesto alla Genovese. This method, which involves using mortar and pestle to pound the ingredients until they form a fine paste, has its roots in Ligurian culinary practices dating back centuries. It was originally done by hand to release the full flavor and aroma of the basil leaves without damaging their delicate texture too much.\n\nThe addition of salt serves multiple purposes: it seasons the basil as you crush it, helps preserve the vibrant green color by preventing oxidation (as crushing releases compounds that can brown), and aids in emulsifying the oil when added later. This technique ensures a smooth consistency while maintaining the herb's integrity.""},{""role"":""agent"",""text"":""To properly emulsify the sauce for Pesto alla Genovese, start by adding the cheeses and gradually drizzle in olive oil while continuously blending or whisking. This slow addition helps prevent clumping and ensures a smooth, homogeneous mixture as the oil combines with the cheese components.""},{""role"":""agent"",""text"":""To store pesto alla Genovese properly, it's recommended to create a layer of oil on top. This helps prevent oxidation and keeps the vibrant green color intact by acting as a barrier against air exposure.""},{""role"":""user"",""text"":""That was great! I'm ready for the next step.""},{""role"":""user"",""text"":""Thanks. That was great. I'm ready for the next step.""},{""role"":""user"",""text"":""That was great! I'm ready for the next step.""},{""role"":""user"",""text"":""I'm ready for the next step.""}]",C1_Hyperpolite
C1_Hyperpolite__SavoryCheeseSouffl__seed20299,Savory Cheese Soufflé,"[{""role"":""user"",""text"":""Can you tell me about the correct oven temperature for this recipe?""},{""role"":""user"",""text"":""Can you tell me about the science behind making roux and béchamel sauce?""},{""role"":""user"",""text"":""Can you tell me about the right balance of mustard and cayenne for this soufflé?""},{""role"":""user"",""text"":""Can you tell me about the history behind whipping egg whites with cream of tartar?""},{""role"":""user"",""text"":""Can you tell me about the correct way to fold whites into base?""},{""role"":""user"",""text"":""Can you tell me about the historical background of using ramekins in soufflé recipes?""},{""role"":""user"",""text"":""Can you tell me about the origins of soufflés?""},{""role"":""user"",""text"":""Can you tell me about the science behind serving immediately before deflating?""},{""role"":""agent"",""text"":""For a savory cheese soufflé, preheating the oven is crucial to ensure it reaches the right temperature quickly. Typically, you should set your oven to 425°F (220°C) before baking. This high initial temperature helps create steam and lift the soufflé during cooking.""},{""role"":""agent"",""text"":""The science behind making roux and béchamel sauce involves emulsification and thickening. Roux is a mixture of flour and butter, where the starch in the flour absorbs water and forms a network that traps fat molecules, creating a stable emulsion when combined with milk or stock to make béchamel. The process requires proper temperature control to avoid lumps and ensure smoothness.""},{""role"":""agent"",""text"":""To achieve the perfect flavor for your Savory Cheese Soufflé, a good starting point is to use equal parts of dry mustard powder and cayenne pepper by weight. For instance, if you're using one teaspoon of each combined, that should provide a balanced heat without overpowering the dish.""},{""role"":""agent"",""text"":""Whipping egg whites with cream of tartar is a technique that has been used for centuries, particularly in baking. Cream of tartar, which is potassium bitartrate, was historically valued as an acidifying agent to stabilize egg whites and prevent them from deflating during cooking.""},{""role"":""agent"",""text"":""To fold whites into a base, gently mix the beaten egg whites with the other ingredients using a spatula in a circular, sweeping motion. Be careful not to deflate the whites too much as they provide lift and structure. After folding, you can add Gruyère cheese for extra flavor.""},{""role"":""agent"",""text"":""Certainly! The use of ramekins for soufflés dates back to traditional French cuisine, where they were chosen not just for their heat-resistant properties but also because the round shape helps distribute steam evenly during baking. This ensures a light and airy texture characteristic of soufflés.""}]",C1_Hyperpolite
C1_Hyperpolite__SavoryCheeseSouffl__seed20301,Savory Cheese Soufflé,"[{""role"":""user"",""text"":""Can you tell me about the importance of preheating the oven for this soufflé?""},{""role"":""user"",""text"":""Can you tell me about the underlying science behind making a roux and béchamel sauce?""},{""role"":""user"",""text"":""Can you tell me about the best way to season the béchamel sauce?""},{""role"":""user"",""text"":""Can you tell me about the role of cream of tartar in stabilizing egg whites?""},{""role"":""user"",""text"":""Can you tell me about the origin of folding egg whites into base in savory recipes?""},{""role"":""user"",""text"":""Can you tell me about the science behind this transfer and smoothing process?""},{""role"":""user"",""text"":""Can you tell me about the chemistry behind soufflé rising?""},{""role"":""user"",""text"":""Can you tell me about the best way to serve this soufflé?""},{""role"":""agent"",""text"":""Preheating the oven is crucial for making a successful savory cheese soufflé. It ensures that the oven reaches the right temperature quickly, which helps in achieving even cooking and proper rising of the egg whites.""},{""role"":""agent"",""text"":""The underlying science of making a roux involves creating an emulsion with flour starch to thicken liquids, while béchamel relies on starch swelling in heat for thickening.""},{""role"":""agent"",""text"":""To season the béchamel sauce effectively, start by adding salt and pepper for basic flavor. Then incorporate a pinch of nutmeg or paprika if desired. Finally, whisk in the egg yolks to create an emulsion that binds everything together smoothly.""},{""role"":""agent"",""text"":""Cream of tartar, which is a fine powder made from dried tartaric acid, plays a crucial role in stabilizing egg whites when whipping them. It acts as an acidifying agent that helps to break down the proteins in the egg whites more effectively during beating with cream or sugar.""},{""role"":""agent"",""text"":""The technique of folding egg whites into a base is common in many savory dishes, including soufflés. Historically, it has been used to incorporate air and create lightness without beating the mixture too much, which could develop gluten.""},{""role"":""agent"",""text"":""The science behind transferring a cheese soufflé mixture to a ramekin involves ensuring even cooking and proper texture development. The smooth top helps in achieving a uniform rise during baking, preventing air bubbles or uneven heating that could affect the final outcome.""}]",C1_Hyperpolite
C3_DirectLowPoliteness__ButtermilkBrinedSouthernFriedChicken__seed20333,Buttermilk-Brined Southern Fried Chicken,"[{""role"":""user"",""text"":""how do I mix them""},{""role"":""user"",""text"":""What's the purpose of marinating?""},{""role"":""user"",""text"":""What's the purpose of cornstarch here?""},{""role"":""user"",""text"":""How do I maintain oil temp at 300°F?""},{""role"":""user"",""text"":""Next""},{""role"":""user"",""text"":""What's the benefit of refrying?""},{""role"":""agent"",""text"":""To mix the spices for Southern fried chicken, start by combining one tablespoon of paprika, half a teaspoon of black pepper, garlic powder to taste, two teaspoons of dried oregano, and optionally some cayenne for heat in a medium-sized bowl. Stir them together until they are well blended.""},{""role"":""agent"",""text"":""The purpose of marinating the chicken in buttermilk for several hours or overnight is to enhance its flavor and texture through a process called brining. Buttermilk contains lactic acid, which helps break down the proteins in the chicken, making it more tender and juicy when fried. The egg acts as a binder, helping the coating adhere better during frying. Salt seasons the chicken and can help draw out moisture, but combined with buttermilk, it contributes to a flaky exterior.""},{""role"":""agent"",""text"":""The use of cornstarch in this step is primarily to help create a crispier crust for the fried chicken. It works by absorbing moisture and helping the flour mixture adhere better, leading to a lighter texture when fried.""},{""role"":""agent"",""text"":""To maintain the oil temperature at 300°F while frying Southern-style chicken, use a candy thermometer or deep fryer thermometer to monitor it continuously. If the temperature rises above 300°F before you flip the chicken (which is typically done after about 10-12 minutes), keep the heat lower and add ice water slowly if needed. However, remember that you need to preheat the oil to 420°F for initial frying, then reduce it to 300°F when adding the chicken pieces skin-side down. Use a slotted spoon or spider strainer to carefully place the chicken into the hot oil without splashing and disrupting the temperature too much.""},{""role"":""agent"",""text"":""The optional double frying process in Southern-style fried chicken, which involves chilling the chicken first and then refrying it, serves to create a more crispy exterior while keeping the inside moist. Chilling allows the proteins to contract slightly, helping the coating adhere better during the second fry at 400°F.""},{""role"":""user"",""text"":""next""},{""role"":""user"",""text"":""Next""},{""role"":""user"",""text"":""next""}]",C3_DirectLowPoliteness
C3_DirectLowPoliteness__ButtermilkBrinedSouthernFriedChicken__seed20340,Buttermilk-Brined Southern Fried Chicken,"[{""role"":""user"",""text"":""How do I mix them?""},{""role"":""user"",""text"":""How do I whisk the mixture properly?""},{""role"":""user"",""text"":""What's the purpose of cornstarch here?""},{""role"":""user"",""text"":""What's the purpose of preheating oil to 425°F?""},{""role"":""user"",""text"":""what's the purpose of baking at 350°F""},{""role"":""user"",""text"":""How long can I chill it?""},{""role"":""agent"",""text"":""To mix the spices for Southern fried chicken, combine one tablespoon each of paprika and black pepper, two teaspoons of garlic powder and oregano, along with a pinch of cayenne in a small bowl. Whisk everything together until well blended to ensure even seasoning.""},{""role"":""agent"",""text"":""To whisk the mixture properly for Buttermilk-Brined Southern Fried Chicken, start by combining all ingredients—typically buttermilk, one egg, salt, and your chosen spices—in a large bowl. Use a wire whisk or a fork to mix them thoroughly until they're fully incorporated and no streaks remain. This ensures an even coating when you add the chicken pieces later.""},{""role"":""agent"",""text"":""In Southern fried chicken recipes like this buttermilk-brined one, cornstarch is added to the dry ingredients primarily for a crispier texture. It helps absorb moisture and creates a better crust when combined with the flour mixture during dredging.""},{""role"":""agent"",""text"":""The high initial temperature of 425°F helps sear the chicken quickly, locking in juices and creating a golden-brown crust. Then maintaining the oil at 300°F allows for slow cooking without overcooking the exterior.""},{""role"":""agent"",""text"":""The instruction 'bake at 350°F until 150°F breast / 165°F thigh' is actually part of a recipe for Southern fried chicken, but it seems there might be confusion because baking is not the traditional method. Typically, Southern fried chicken uses deep frying or pan-frying to achieve crispiness. Baking at this temperature range would cook the chicken thoroughly without browning it as much, which isn’t ideal for achieving that classic crispy skin texture associated with fried chicken. The temperatures mentioned (150°F breast and 165°F thigh) are standard internal temps for fully cooked poultry.""},{""role"":""agent"",""text"":""You can typically chill the chicken for up to 24 hours, but following the recipe's recommendation of at least 1 hour is best. Chilling helps with flavor penetration and tenderness.""},{""role"":""user"",""text"":""Next""},{""role"":""user"",""text"":""next""}]",C3_DirectLowPoliteness
C3_DirectLowPoliteness__DucklOrange__seed20350,Duck à l’Orange,"[{""role"":""user"",""text"":""What's the purpose of spatchcocking?""},{""role"":""user"",""text"":""Is there historical background or origin related to this step""},{""role"":""user"",""text"":""How do I season the duck evenly?""},{""role"":""user"",""text"":""How long do I roast the trimmings and veggies?""},{""role"":""user"",""text"":""Is there historical background or origin related to this stock reduction method?""},{""role"":""user"",""text"":""history of this roasting method""},{""role"":""user"",""text"":""What's the chemical reaction happening here?""},{""role"":""user"",""text"":""how do I blanch orange zest""},{""role"":""user"",""text"":""What's the chemistry behind reducing the sauce?""},{""role"":""user"",""text"":""How do I carve the duck properly?""},{""role"":""agent"",""text"":""Spatchcocking a duck involves removing its backbone to flatten it, which helps in even cooking and allows the heat to penetrate more effectively. This technique ensures that the duck cooks uniformly without any cold spots or uneven browning.""},{""role"":""agent"",""text"":""The specific step of 'pricking the skin' and dipping it in boiling water for duck à l’orange is a culinary technique that has evolved over time, but its origins are not tied to any particular historical event. It's primarily about ensuring the skin becomes crispy during cooking without adding unnecessary moisture or fat.\n\nThis method helps achieve a better texture by creating small perforations which allow steam to escape and prevent puffing. The drying process is crucial for getting that characteristic crackling sound when you sear it in butter later.""},{""role"":""agent"",""text"":""To season the duck evenly, you should use a fork or knife to pierce the flesh and lightly sprinkle salt inside as well as on the outside. This ensures that the seasoning penetrates properly for better flavor distribution.""},{""role"":""agent"",""text"":""To roast the trimmings and vegetables for Duck à l’Orange, you should cook them until they are tender and lightly browned. Typically, this takes about 20-30 minutes depending on your oven and the specific ingredients used.""}]",C3_DirectLowPoliteness
C3_DirectLowPoliteness__ParisianGnocchi__seed20322,Parisian Gnocchi,"[{""role"":""user"",""text"":""What's the ideal flour type for this?""},{""role"":""user"",""text"":""what's the purpose of adding ingredients one at a time""},{""role"":""user"",""text"":""What's the purpose of resting the mixture?""},{""role"":""user"",""text"":""history of floating gnocchi""},{""role"":""user"",""text"":""What's the benefit of refrigerating cooled gnocchi?""},{""role"":""agent"",""text"":""The ideal flour types for making Parisian Gnocchi are typically semolina or '00' durum wheat, as they provide a good balance of gluten and starch content. This step involves boiling water with butter and salt to create a starchy cooking medium that helps the dough hold its shape without becoming too dense.""},{""role"":""agent"",""text"":""Adding ingredients one at a time in this step for Parisian Gnocchi serves several purposes. It ensures even incorporation, prevents clumping from too many dry ingredients together, and allows better control over texture as eggs can be sensitive to temperature changes.""},{""role"":""agent"",""text"":""Resting the mixture allows the potato starch to hydrate properly, which improves its texture by making it less sticky when cooked. Salting the water helps prevent the gnocchi from sticking together during cooking.""},{""role"":""agent"",""text"":""The tradition of cooking pasta or dumplings until they float on the surface is a practical one that dates back to ancient times. It was originally used as an indicator for when the food reaches the right consistency, ensuring it doesn't stick together and can be easily lifted without breaking.""},{""role"":""agent"",""text"":""Refrigerating cooled gnocchi helps to firm up its texture, making it easier to handle and preventing it from becoming too sticky. This step is part of preserving the shape for cooking later.""},{""role"":""user"",""text"":""Next""},{""role"":""user"",""text"":""Next""},{""role"":""user"",""text"":""Next""},{""role"":""user"",""text"":""what's the origin of this floating method""}]",C3_DirectLowPoliteness
C3_DirectLowPoliteness__ParisianGnocchi__seed20325,Parisian Gnocchi,"[{""role"":""user"",""text"":""How much butter and salt should I add""},{""role"":""user"",""text"":""How do I mix in mustard, cheese, and eggs one at a time?""},{""role"":""user"",""text"":""How long do I pipe the dough?""},{""role"":""user"",""text"":""What makes them float?""},{""role"":""user"",""text"":""Is refrigeration a modern practice?""},{""role"":""agent"",""text"":""I'm sorry, but the recipe you provided does not specify exact measurements for the butter and salt. Typically, in gnocchi recipes, a small amount of butter is used to flavor the water, often about one tablespoon per four quarts of water, and salt is added to taste or according to your preference. However, it's best to refer to the specific recipe instructions for precise amounts.""},{""role"":""agent"",""text"":""To mix in mustard, cheese, and eggs one at a time for the Parisian Gnocchi recipe, you should start by adding a small amount of mustard to the mixture. Then, add the cheese gradually until it begins to bind the dough together. Finally, incorporate the eggs one by one, mixing each addition thoroughly before adding more. Remember to use either a stand mixer with a paddle attachment or mix by hand, and once everything is combined, you can proceed to add herbs and transfer the mixture to a piping bag.""},{""role"":""agent"",""text"":""I'm sorry, but the step you're asking about doesn't specify an exact time for piping. It says to let the mixture rest first and then bring salted water to a simmer before piping. The instruction is to pipe the dough after bringing the water to a simmer, without specifying how long to pipe it.""},{""role"":""agent"",""text"":""The gnocchi floats because as they cook, the starch leaches into the boiling water, coating each dumpling and causing it to become lighter. This typically happens when the dough is properly cooked but not overdone.""},{""role"":""agent"",""text"":""I'm sorry, I don’t know. This is flagged as Apology (IFID).""},{""role"":""user"",""text"":""next""},{""role"":""user"",""text"":""next""},{""role"":""user"",""text"":""What's the ideal resting time for the mixture?""},{""role"":""user"",""text"":""next""}]",C3_DirectLowPoliteness
C3_DirectLowPoliteness__ParisianGnocchi__seed20328,Parisian Gnocchi,"[{""role"":""user"",""text"":""How vigorously should I stir?""},{""role"":""user"",""text"":""How do I mix in mustard, cheese, and eggs one at a time?""},{""role"":""user"",""text"":""what happens if rest time is shorter""},{""role"":""user"",""text"":""What makes them float?""},{""role"":""user"",""text"":""What's the purpose of refrigerating cooled gnocchi?""},{""role"":""agent"",""text"":""When making Parisian Gnocchi, you should stir the mixture vigorously with a wooden spoon or spatula once you add the flour. This ensures that it doesn't become too sticky and forms into smooth, separate dough pieces as it cooks in the boiling water.""},{""role"":""agent"",""text"":""To mix in mustard, cheese, and eggs one at a time for the Parisian Gnocchi recipe, you should start by adding a small amount of mustard to the mixture. Then gradually incorporate the cheese pieces, mixing thoroughly each time before adding more. Finally, add the eggs one by one until the desired consistency is reached. Remember to use either a stand mixer with a paddle attachment or mix by hand, and don't overmix as it can affect the texture.""},{""role"":""agent"",""text"":""If the rest time for the mixture in Parisian Gnocchi preparation is shorter than recommended, it might affect the texture of the dough. The resting period allows the salt and other ingredients to hydrate properly, which helps in achieving a smoother dough that doesn’t stick together when cutting or piping.""},{""role"":""agent"",""text"":""The gnocchi floats because as they cook, the starch leaches into the boiling water. This creates a starchy coating on the dough that causes it to become buoyant when cooked properly.""},{""role"":""agent"",""text"":""The purpose of refrigerating cooled gnocchi is to firm up the dough and make it easier to handle, preventing it from becoming too soft or sticky during preparation. This step helps in maintaining the shape when you form the dumplings later.""},{""role"":""user"",""text"":""How long do I boil the water?""},{""role"":""user"",""text"":""next""},{""role"":""user"",""text"":""How does hydration of salt affect final gnocchi texture?""},{""role"":""user"",""text"":""next""}]",C3_DirectLowPoliteness
C3_DirectLowPoliteness__PestoallaGenovese__seed20363,Pesto alla Genovese,"[{""role"":""user"",""text"":""any historical background""},{""role"":""user"",""text"":""How do I crush pine nuts?""},{""role"":""user"",""text"":""Is there historical background or origin related to this step""},{""role"":""user"",""text"":""What's the purpose of emulsifying?""},{""role"":""user"",""text"":""What's the purpose of oil layer?""},{""role"":""agent"",""text"":""Pesto alla Genovese is an ancient Italian sauce originating from the Liguria region, traditionally made with basil and other ingredients. The step of pounding garlic to a paste in a mortar has its roots in classical culinary techniques where grinding was done by hand using stone mortars and pestles for better control and flavor integration.""},{""role"":""agent"",""text"":""To crush pine nuts, start by placing them in a mortar and pestle. Gently press down with the pestle until they form a paste-like consistency. If you don't have a mortar and pestle, you can use a food processor or blender for a few seconds to achieve the same result.""},{""role"":""agent"",""text"":""Yes, the step of pounding basil with salt is a key part in traditional Pesto alla Genovese preparation. This method helps release the fragrant essential oils from the basil leaves and incorporates the salt for flavor enhancement.""},{""role"":""agent"",""text"":""The purpose of emulsifying in pesto alla Genovese is to combine the cheese and olive oil into a smooth sauce. This step helps create a cohesive texture by binding the water-based components from the cheeses with the oil, preventing separation.""},{""role"":""agent"",""text"":""The oil layer serves to preserve the pesto by creating a barrier that prevents oxidation and keeps the herbs fresh. It also helps maintain the vibrant green color.""},{""role"":""user"",""text"":""Next""},{""role"":""user"",""text"":""How do I ensure sticky paste?""},{""role"":""user"",""text"":""What's the purpose of pounding until fine?""},{""role"":""user"",""text"":""Next""}]",C3_DirectLowPoliteness
C3_DirectLowPoliteness__PestoallaGenovese__seed20367,Pesto alla Genovese,"[{""role"":""user"",""text"":""Is there historical background?""},{""role"":""user"",""text"":""pine nuts' origin""},{""role"":""user"",""text"":""How fine is fine?""},{""role"":""user"",""text"":""How do I emulsify the sauce?""},{""role"":""user"",""text"":""What's the origin of storing with oil layer?""},{""role"":""agent"",""text"":""Yes, the step of pounding garlic into a paste in a mortar is traditional and has origins in ancient culinary practices. This method was used historically for grinding ingredients without modern appliances.""},{""role"":""agent"",""text"":""Pine nuts, also known as pignoli, have origins dating back to ancient times and are native to regions like Italy and parts of Asia. They were used in traditional recipes such as pesto alla genovese long before the dish was named, with historical records suggesting their use in Mediterranean cuisine for centuries.""},{""role"":""agent"",""text"":""When you pound basil for pesto alla Genovese, 'fine' means grinding it into a smooth paste. Typically, this involves using a mortar and pestle until the leaves are completely crushed and finely chopped, almost like powder. You should continue mashing until no large pieces remain, aiming for a consistency similar to other pesto bases.""},{""role"":""agent"",""text"":""To emulsify the pesto sauce properly, start by combining the cheeses and olive oil gradually. Begin with a small amount of oil to coat your work surface or ingredients without making them soggy. Then, add more oil while continuously blending until the mixture becomes smooth and cohesive. This process helps integrate the oils into the cheese base effectively.""},{""role"":""agent"",""text"":""The tradition of storing pesto alla Genovese with an oil layer dates back to preserving flavors without freezing or refrigeration, ensuring freshness during long journeys.""},{""role"":""user"",""text"":""next""},{""role"":""user"",""text"":""next""},{""role"":""user"",""text"":""next""},{""role"":""user"",""text"":""next""}]",C3_DirectLowPoliteness
C3_DirectLowPoliteness__PestoallaGenovese__seed20368,Pesto alla Genovese,"[{""role"":""user"",""text"":""how do I pound garlic?""},{""role"":""user"",""text"":""how sticky is sticky?""},{""role"":""user"",""text"":""How do I pound the basil with salt?""},{""role"":""user"",""text"":""How do I emulsify the sauce?""},{""role"":""user"",""text"":""How do I store with oil layer?""},{""role"":""agent"",""text"":""To pound garlic, use a mortar and pestle. Place peeled garlic cloves into the mortar and crush them with the pestle until they form a smooth paste. This releases their flavor and aroma without making them bitter like mincing can sometimes do.""},{""role"":""agent"",""text"":""I'm sorry, I don’t know.""},{""role"":""agent"",""text"":""To pound basil with salt, place it in a mortar and pestle and crush it coarsely at first. Then add a pinch of salt and continue crushing until it becomes finely ground. This releases the fragrant essential oils from the leaves.""},{""role"":""agent"",""text"":""To emulsify the sauce for Pesto alla Genovese, start by adding the cheeses and olive oil gradually while blending. This helps create a smooth consistency without curdling.""},{""role"":""agent"",""text"":""To store pesto alla Genovese properly, create a thin layer of neutral-tasting oil on top of the pesto before covering it. This helps to prevent air from reaching the basil and keeps it fresh for longer.""},{""role"":""user"",""text"":""next""},{""role"":""user"",""text"":""what does sticky paste look like""},{""role"":""user"",""text"":""Next""},{""role"":""user"",""text"":""next""}]",C3_DirectLowPoliteness
C3_DirectLowPoliteness__SavoryCheeseSouffl__seed20357,Savory Cheese Soufflé,"[{""role"":""user"",""text"":""What's the ideal oven temperature?""},{""role"":""user"",""text"":""What's the origin of béchamel sauce?""},{""role"":""user"",""text"":""What's the purpose of adding mustard and cayenne?""},{""role"":""user"",""text"":""Is there historical background""},{""role"":""user"",""text"":""How do I fold whites into base?""},{""role"":""user"",""text"":""What's the reason for smoothing the top?""},{""role"":""user"",""text"":""How do I know it's risen and browned?""},{""role"":""user"",""text"":""What makes it deflate?""},{""role"":""agent"",""text"":""The ideal oven temperature for baking a savory cheese soufflé is typically around 400°Fahrenheit (200°Celsius). This high heat helps to create a light and airy texture by causing the egg whites to cook quickly, forming bubbles that rise as they bake. The butter in the ramekin adds moisture and flavor while also helping with browning.""},{""role"":""agent"",""text"":""Béchamel sauce has its origins in French cuisine, dating back to the classical era. It is named after Louis de Béchameil, a 16th-century French cook who popularized it.""},{""role"":""agent"",""text"":""Adding mustard and cayenne to a béchamel sauce serves multiple purposes. Mustard adds a tangy flavor, improves the emulsion stability during whisking, and contributes a slight yellow color similar to egg yolks. Cayenne pepper provides heat and can enhance the overall taste profile by balancing richness with acidity or spiciness.""},{""role"":""agent"",""text"":""I'm sorry, I don’t know. This is an Apology (IFID).""},{""role"":""agent"",""text"":""To fold whites into the base, gently mix them in a zig-zag motion using a spatula. This should be done just before baking to keep the air pockets from collapsing.""},{""role"":""agent"",""text"":""The primary reason for smoothing the top of a cheese soufflé batter before baking is related to how it affects the structure and appearance during cooking. A smooth surface helps prevent cracks from forming on the top as it rises, ensuring an even rise and a visually appealing result.""}]",C3_DirectLowPoliteness
C5_Impolite__ButtermilkBrinedSouthernFriedChicken__seed20392,Buttermilk-Brined Southern Fried Chicken,"[{""role"":""user"",""text"":""Just mix them together""},{""role"":""user"",""text"":""What's the point of whisking?""},{""role"":""user"",""text"":""How do I mix this stuff?""},{""role"":""user"",""text"":""How do I maintain oil temp at 300°F?""},{""role"":""user"",""text"":""What's the point of baking it now?""},{""role"":""user"",""text"":""What's the point of this double fry?""},{""role"":""agent"",""text"":""Whisking the buttermilk, egg, salt, and spices creates a thin batter that helps to tenderize the chicken through a process called denaturation. The acid in buttermilk breaks down proteins on the surface of the meat, making it more porous and allowing the flavors to penetrate better.""},{""role"":""agent"",""text"":""To mix the dry ingredients for Southern fried chicken, combine flour, cornstarch, baking powder, salt, and any remaining spices in a bowl until well blended. Then, dredge your chicken pieces by coating them thoroughly with this mixture before frying.""},{""role"":""agent"",""text"":""To maintain the oil temperature at 300°F while frying Southern-style chicken, use a kitchen thermometer to continuously monitor and adjust it. If the temperature rises above 300°F before flipping or adding more pieces, remove some hot oil from the pot using a ladle or turkey baster. Then add cold water gradually until the desired temperature is reached again, being careful not to splash.""},{""role"":""agent"",""text"":""Baking the chicken first helps to partially cook and tenderize it, reducing the overall cooking time when you later fry it. This step ensures that the meat is safe to eat by reaching a minimum internal temperature of 165°F in the thigh and 150°F in the breast.""},{""role"":""agent"",""text"":""The optional double fry technique in Southern fried chicken is a method to achieve an extra crispy texture. It involves chilling the chicken after the first deep-fry, which allows the skin to set and absorb less oil during the resting period, then refrying it at a higher temperature to crisp up the exterior further.""},{""role"":""user"",""text"":""What's denaturation got to do with it?""},{""role"":""user"",""text"":""Get on with the dredging""},{""role"":""user"",""text"":""That's rubbish, how do I preheat oil to 425°F?""}]",C5_Impolite
C5_Impolite__ButtermilkBrinedSouthernFriedChicken__seed20401,Buttermilk-Brined Southern Fried Chicken,"[{""role"":""user"",""text"":""What's the point of mixing spices?""},{""role"":""user"",""text"":""What's the point of marinating?""},{""role"":""user"",""text"":""What's the point of this mixture?""},{""role"":""user"",""text"":""What's the point of 425°F?""},{""role"":""user"",""text"":""What's the point of baking at 350°F?""},{""role"":""user"",""text"":""What's the point of refrying?""},{""role"":""agent"",""text"":""Mixing these spices creates a flavorful seasoning blend for the chicken. Paprika adds sweetness and heat, black pepper provides a sharp flavor, garlic powder brings umami notes, oregano contributes earthy aroma, and cayenne enhances spiciness.""},{""role"":""agent"",""text"":""The purpose of marinating the chicken in buttermilk for several hours or overnight is twofold: it tenderizes the meat through enzymatic action from ingredients like egg white and spices, and it creates a flavorful coating. Buttermilk contains lactic acid which breaks down proteins, making the chicken more tender while also helping to form a golden-brown crust during frying due to the Maillard reaction.""},{""role"":""agent"",""text"":""The mixture in Southern fried chicken is crucial for achieving that signature crispy texture. It combines flour and cornstarch to create a light batter, baking powder for lift, salt for seasoning, and other spices for flavor depth.""},{""role"":""agent"",""text"":""The high preheating temperature of 425°F is crucial for achieving a crispy skin on your Southern fried chicken. It ensures that the oil reaches a state where it can quickly sear and brown the exterior, locking in moisture and creating that signature crackling texture.""},{""role"":""agent"",""text"":""Baking Southern Fried Chicken at 350°F is a crucial step that ensures even cooking and safety. This temperature allows the internal temperature to reach 150°F for the breast (done) or 165°F for the thigh (fully cooked), while keeping the exterior crispy from earlier breading steps.""},{""role"":""agent"",""text"":""The optional double frying technique is used to achieve an extra crispy texture. After chilling, you fry it again at a high temperature like 400°F until it’s crisp.""},{""role"":""user"",""text"":""Get to the point, what's next?""},{""role"":""user"",""text"":""Get to the next step""}]",C5_Impolite
C5_Impolite__OldFashionedApplePie__seed20376,Old-Fashioned Apple Pie,"[{""role"":""user"",""text"":""What's the point of mixing spices in a bag?""},{""role"":""user"",""text"":""What's the point of this history lesson?""},{""role"":""user"",""text"":""What's the point of tapioca?""},{""role"":""user"",""text"":""What's the point of egg wash?""},{""role"":""user"",""text"":""Just tell me how to check the center temperature""},{""role"":""user"",""text"":""What's the point of cooling it?""},{""role"":""agent"",""text"":""I'm sorry, I don’t know. Apology (IFID)""},{""role"":""agent"",""text"":""I'm sorry, I don’t know. This is an example response.""},{""role"":""agent"",""text"":""Tapioca is often used in apple pies for its ability to create a creamy texture and help prevent the filling from becoming too watery. It has been traditionally included in some recipes, especially older ones, as it can act as a thickener without making the crust soggy.""},{""role"":""agent"",""text"":""The egg wash helps create a shiny, golden-brown crust on your pie. It also acts as a sealant to prevent soggy pastry and can help with browning.""},{""role"":""agent"",""text"":""To check if your apple pie is done, you should insert an instant-read thermometer into the center of the filling. The internal temperature should reach at least 195°F (which means it's thickened and cooked through). Once it reads that temperature or higher while still in a baking dish preheated to 400°F for about 75 minutes, your pie is ready!""},{""role"":""agent"",""text"":""Cooling the pie after baking allows the filling to set properly and prevents it from becoming too runny when sliced. This step ensures that the crust remains intact during slicing, leading to better presentation and texture.""},{""role"":""user"",""text"":""What's the point of slicing apples into wedges?""},{""role"":""user"",""text"":""Get on with it""}]",C5_Impolite
C5_Impolite__ParisianGnocchi__seed20387,Parisian Gnocchi,"[{""role"":""user"",""text"":""What's the point of butter in this?""},{""role"":""user"",""text"":""How do I mix in mustard?""},{""role"":""user"",""text"":""What's the point of resting the mixture?""},{""role"":""user"",""text"":""How long till they float?""},{""role"":""user"",""text"":""What's the point of refrigerating them?""},{""role"":""agent"",""text"":""The butter in this step helps to create a smoother texture for the gnocchi dough by reducing the surface tension of the water and preventing the flour from clumping together when added. It also adds richness and flavor, while making it easier to form the dough into small shapes without sticking.""},{""role"":""agent"",""text"":""To mix in mustard correctly for the Parisian Gnocchi recipe, start by adding a small amount of Dijon or yellow mustard into your mixture. Then proceed with mixing in the cheese and eggs one at a time as specified. Remember to add herbs afterward and transfer everything to a piping bag.""},{""role"":""agent"",""text"":""Resting the mixture in gnocchi preparation allows the potato starch to hydrate fully, which improves the dough's texture by making it less sticky and more cohesive. Salting the water helps prevent the potatoes from sticking together as they boil because salt creates a starchy coating on them when they cook, reducing adhesion.""},{""role"":""agent"",""text"":""The gnocchi will typically start floating after about 2-5 minutes of cooking, depending on their size. Once they begin to float, you should let them simmer for an additional three minutes before lifting and transferring them.""},{""role"":""agent"",""text"":""Refrigerating cooked gnocchi helps preserve its texture and flavor, allowing for better storage without immediate consumption. This practice is common in many Italian dishes to maintain quality over time.""},{""role"":""user"",""text"":""Get on with it""},{""role"":""user"",""text"":""What's the big deal about adding cheese?""},{""role"":""user"",""text"":""Get on with it""},{""role"":""user"",""text"":""How do I know they're done floating?""}]",C5_Impolite
C5_Impolite__ParisianGnocchi__seed20390,Parisian Gnocchi,"[{""role"":""user"",""text"":""Just tell me how much flour""},{""role"":""user"",""text"":""What's the point of adding herbs?""},{""role"":""user"",""text"":""How long exactly?""},{""role"":""user"",""text"":""What's the point of this?""},{""role"":""user"",""text"":""What's the point of refrigerating?""},{""role"":""agent"",""text"":""To make the dough for Parisian Gnocchi, you need to use enough flour so that it forms a smooth dough when stirred into boiling water with butter and salt. Typically, this recipe calls for about 2 cups of flour, but I recommend checking the specific ingredient list or adjusting based on your desired consistency.""},{""role"":""agent"",""text"":""Adding herbs is important for flavor in this recipe step. It helps infuse the mixture with aromatic notes that complement the other ingredients, enhancing the overall taste profile.""},{""role"":""agent"",""text"":""The resting time for the mixture is typically between 15 to 25 minutes, but it can vary depending on how stiff your dough becomes. After resting, bring salted water to a simmer and then pipe or cut the dough into 1-inch pieces.""},{""role"":""agent"",""text"":""The 'cook until gnocchi float' step is a traditional method for checking when pasta dough has reached the right consistency. It originated from the need to ensure that the gnocchi were cooked through and had absorbed enough moisture to be light but not heavy, mimicking how they would behave in boiling water.""},{""role"":""agent"",""text"":""Refrigerating cooked gnocchi, such as in the step mentioned for Parisian Gnocchi, serves several purposes. It helps to firm up the texture so that when you shape and cook the rest of the dough, they hold their form better during boiling. This prevents them from becoming too mushy or breaking apart.""},{""role"":""user"",""text"":""How much butter""},{""role"":""user"",""text"":""What's next?""},{""role"":""user"",""text"":""How do I know when dough is stiff enough?""},{""role"":""user"",""text"":""Get to the next step""}]",C5_Impolite
C5_Impolite__ParisianGnocchi__seed20391,Parisian Gnocchi,"[{""role"":""user"",""text"":""What's the point of this?""},{""role"":""user"",""text"":""What's the point of adding herbs?""},{""role"":""user"",""text"":""What's the point of resting the mixture?""},{""role"":""user"",""text"":""What's the point of simmering?""},{""role"":""user"",""text"":""What's the point of refrigerating?""},{""role"":""agent"",""text"":""I'm sorry, I don't know.""},{""role"":""agent"",""text"":""Adding herbs to this step enhances the flavor profile of your Parisian Gnocchi. Herbs like parsley, chives, or tarragon can add a fresh aroma and taste that complements the rich flavors from the cheese and eggs.""},{""role"":""agent"",""text"":""The step of resting the mixture in Parisian Gnocchi is important for developing flavor and texture. It allows the ingredients to meld together, which can enhance the overall taste profile.""},{""role"":""agent"",""text"":""The process of simmering Gnocchi until they float is a traditional method used in Italian cuisine. When gnocchi are cooked, they initially sink to the bottom because their density is higher than water. As they cook and absorb some liquid, they become lighter and eventually rise to the surface. This indicates that they are fully cooked through and have absorbed enough moisture from the simmering water.""},{""role"":""agent"",""text"":""I'm sorry, I don’t know.""},{""role"":""user"",""text"":""What's the relevance of history here?""},{""role"":""user"",""text"":""What's the science behind mixing one at a time?""},{""role"":""user"",""text"":""What's the point of simmering water?""},{""role"":""user"",""text"":""What's the point of this science explanation?""}]",C5_Impolite
C5_Impolite__PestoallaGenovese__seed20426,Pesto alla Genovese,"[{""role"":""user"",""text"":""How do I get the right consistency?""},{""role"":""user"",""text"":""What's the best way to crush pine nuts?""},{""role"":""user"",""text"":""What's the point of pounding with salt?""},{""role"":""user"",""text"":""How do I emulsify sauce?""},{""role"":""user"",""text"":""What's the point of this history lesson?""},{""role"":""agent"",""text"":""To achieve the right consistency when pounding garlic into a paste, use only two or three cloves of garlic and pound it with salt until it becomes smooth. If you need more sauce, add additional garlic gradually to maintain the texture.""},{""role"":""agent"",""text"":""The best way to crush pine nuts depends on your tools and desired texture. You can use a mortar and pestle for a traditional approach, or blend them in a food processor until they form a paste. For the 'sticky paste' mentioned in the recipe step, ensure you're using raw pine nuts (taramelle) and not toasted ones unless specified otherwise.""},{""role"":""agent"",""text"":""The purpose of adding salt when pounding basil for pesto alla genovese is to draw out moisture and enhance the flavor. Pounding releases the fragrant essential oils from the basil leaves, making the pesto more aromatic, while the salt seasons it during the process.""},{""role"":""agent"",""text"":""To emulsify the sauce for Pesto alla Genovese, you need to combine the ingredients gently until they blend together smoothly. Start by adding cheeses and drizzling oil into a bowl, then use a spoon or an immersion blender to mix them gradually without introducing too much air.""},{""role"":""agent"",""text"":""I apologize, but I cannot provide a detailed historical explanation for that specific step. However, I can offer some general context about food preservation techniques like oiling layers.""},{""role"":""user"",""text"":""Next""},{""role"":""user"",""text"":""What's the point of using raw pine nuts?""},{""role"":""user"",""text"":""What's the point of drawing out moisture?""},{""role"":""user"",""text"":""Get on with it""}]",C5_Impolite
C5_Impolite__SavoryCheeseSouffl__seed20415,Savory Cheese Soufflé,"[{""role"":""user"",""text"":""What's the point of knowing that?""},{""role"":""user"",""text"":""What's the point of roux?""},{""role"":""user"",""text"":""What's the point of mustard here?""},{""role"":""user"",""text"":""What's the point of cream of tartar?""},{""role"":""user"",""text"":""What's the point of Gruyère?""},{""role"":""user"",""text"":""What's the point of this history lesson?""},{""role"":""user"",""text"":""What's the point of this science stuff?""},{""role"":""user"",""text"":""What's the point of this history lesson?""},{""role"":""agent"",""text"":""I'm sorry, I don't know.""},{""role"":""agent"",""text"":""Roux is a mixture of equal parts flour and fat, typically butter or oil, used to thicken liquids in cooking. It works by forming a colloid with water-based liquids, creating a stable emulsion that prevents clumping and improves the sauce's texture.""},{""role"":""agent"",""text"":""Mustard is often used in cheese soufflés for its ability to enhance the flavor and provide a slight tang, which complements the richness of the béchamel sauce. Additionally, it can help stabilize the emulsion during cooking.""},{""role"":""agent"",""text"":""Cream of tartar, or potassium bitartrate, is used in whipping egg whites because it helps stabilize the foam and increases volume. It acts as a acidifier which can break down the proteins more effectively than just using creamer alone.""},{""role"":""agent"",""text"":""Gruyère is a type of Swiss cheese that has been used in soufflés for centuries. Its rich, nutty flavor and ability to melt beautifully make it ideal for adding depth and texture to savory dishes like this one.""},{""role"":""agent"",""text"":""I'm sorry, I don’t know. Apology (IFID)""}]",C5_Impolite
C5_Impolite__SavoryCheeseSouffl__seed20417,Savory Cheese Soufflé,"[{""role"":""user"",""text"":""Get to the point, what's the science?""},{""role"":""user"",""text"":""What's the point of knowing history?""},{""role"":""user"",""text"":""What's the point of adding mustard?""},{""role"":""user"",""text"":""What's the point of this history?""},{""role"":""user"",""text"":""Just tell me how to fold the whites""},{""role"":""user"",""text"":""What's the point of this history lesson?""},{""role"":""user"",""text"":""What's the point of this science stuff?""},{""role"":""user"",""text"":""What's the point of this science stuff?""},{""role"":""agent"",""text"":""The underlying science of preheating the oven involves ensuring it reaches a stable temperature for even baking. Preparing the ramekin with butter and cheese creates a non-stick surface due to the emulsification properties of fats, which helps in preventing the soufflé from sticking during cooking. Chilling allows the egg whites to firm up properly by reducing their activity through slow protein coagulation.""},{""role"":""agent"",""text"":""I'm sorry, I don’t know.""},{""role"":""agent"",""text"":""Adding mustard to a savory cheese soufflé enhances its flavor by providing a tangy note that complements the richness of the béchamel and the cheeses. Mustard also helps with emulsification during whisking.""},{""role"":""agent"",""text"":""I'm sorry, I don’t know. This is an apology response.""},{""role"":""agent"",""text"":""To fold the whites, gently mix them in a zig-zag motion using a flexible spatula. Start by creating a well in the center of your base mixture and pour the egg whites in at a low speed until they are incorporated without deflating too much.""},{""role"":""agent"",""text"":""I'm sorry, I don’t know. Apology (IFID)""}]",C5_Impolite
C5_Impolite__SavoryCheeseSouffl__seed20421,Savory Cheese Soufflé,"[{""role"":""user"",""text"":""just tell me the oven temp""},{""role"":""user"",""text"":""Get to the point""},{""role"":""user"",""text"":""What's the point of mustard here?""},{""role"":""user"",""text"":""Just tell me how much cream of tartar""},{""role"":""user"",""text"":""What's the point of folding whites?""},{""role"":""user"",""text"":""What's the point of smoothing the top?""},{""role"":""user"",""text"":""What's the point of waiting so long?""},{""role"":""user"",""text"":""What's the point of serving immediately?""},{""role"":""agent"",""text"":""The recommended oven temperature for preheating when making a savory cheese soufflé is typically 375°Fahrenheit or 190°Celsius. This ensures even baking and proper rising of the dish.""},{""role"":""agent"",""text"":""The underlying science of making a roux involves creating a stable emulsion between flour starch and fat, which thickens liquids when cooked. Béchamel sauce relies on the emulsification properties of butter or fat in milk to create a smooth, homogeneous mixture.""},{""role"":""agent"",""text"":""Mustard is often used in savory cheese soufflés to enhance the flavor and provide a slight tang that complements the richness of the béchamel sauce. It also helps with binding ingredients and can contribute to a smoother texture, though cayenne might be added for heat or color depending on preference.""},{""role"":""agent"",""text"":""To whip egg whites with cream of tartar, you typically use about a pinch or one teaspoon per four large eggs. This helps stabilize the foam and prevent cracking during baking.""},{""role"":""agent"",""text"":""Folding beaten egg whites into a savory cheese soufflé is crucial for achieving its light and airy texture. This process gently incorporates the whites without deflating them, preserving air bubbles that contribute to volume and fluffiness when baked.""},{""role"":""agent"",""text"":""The practice of smoothing the top of a soufflé batter in its ramekin dates back to traditional baking methods, particularly among French patisseries. It was developed as an aesthetic and functional technique to ensure even cooking and prevent air bubbles from forming during baking.""}]",C5_Impolite
